id	name	email	url	avatar_url	description
1	Google		https://api.github.com/orgs/google	https://avatars.githubusercontent.com/u/1342004?v=3	
2	Facebook		https://api.github.com/orgs/facebook	https://avatars.githubusercontent.com/u/69631?v=3	We work hard to contribute our work back to the web, mobile, big data, & infrastructure communities. NB: members must have two-factor auth.
3	Bootstrap		https://api.github.com/orgs/twbs	https://avatars.githubusercontent.com/u/2918581?v=3	Source code and more for the most popular front-end framework in the world.
4	Twitter, Inc.	opensource@twitter.com	https://api.github.com/orgs/twitter	https://avatars.githubusercontent.com/u/50278?v=3	Working with and contributing to the open source community
5	GitHub	support@github.com	https://api.github.com/orgs/github	https://avatars.githubusercontent.com/u/9919?v=3	How people build software.
6	Mozilla		https://api.github.com/orgs/mozilla	https://avatars.githubusercontent.com/u/131524?v=3	This technology could fall into the right hands.
7	jQuery Foundation		https://api.github.com/orgs/jquery	https://avatars.githubusercontent.com/u/70142?v=3	
8	H5BP		https://api.github.com/orgs/h5bp	https://avatars.githubusercontent.com/u/1136800?v=3	
9	Angular		https://api.github.com/orgs/angular	https://avatars.githubusercontent.com/u/139426?v=3	
10	vuejs		https://api.github.com/orgs/vuejs	https://avatars.githubusercontent.com/u/6128107?v=3	null
11	Square		https://api.github.com/orgs/square	https://avatars.githubusercontent.com/u/82592?v=3	
12	thoughtbot, inc.		https://api.github.com/orgs/thoughtbot	https://avatars.githubusercontent.com/u/6183?v=3	
13	Ruby on Rails		https://api.github.com/orgs/rails	https://avatars.githubusercontent.com/u/4223?v=3	
14	Joyent		https://api.github.com/orgs/joyent	https://avatars.githubusercontent.com/u/10161?v=3	
15	HubSpot		https://api.github.com/orgs/HubSpot	https://avatars.githubusercontent.com/u/326419?v=3	
16	The Apache Software Foundation		https://api.github.com/orgs/apache	https://avatars.githubusercontent.com/u/47359?v=3	
17	Automattic		https://api.github.com/orgs/Automattic	https://avatars.githubusercontent.com/u/887802?v=3	We are passionate about making the web a better place.
18	Docker		https://api.github.com/orgs/docker	https://avatars.githubusercontent.com/u/5429470?v=3	
19	Fort Awesome	admin@fortawesome.com	https://api.github.com/orgs/FortAwesome	https://avatars.githubusercontent.com/u/1505683?v=3	Tools to help you be moar betters on the web.
20	zurb		https://api.github.com/orgs/zurb	https://avatars.githubusercontent.com/u/156122?v=3	
21	elasticsearch	null	https://api.github.com/orgs/elasticsearch	https://avatars.githubusercontent.com/u/141304?v=3	null
22	AngularUI		https://api.github.com/orgs/angular-ui	https://avatars.githubusercontent.com/u/1530011?v=3	null
23	Facebook Archive		https://api.github.com/orgs/facebookarchive	https://avatars.githubusercontent.com/u/7560860?v=3	
24		homebrew-discuss@googlegroups.com	https://api.github.com/orgs/Homebrew	https://avatars.githubusercontent.com/u/1503512?v=3	
25	Ionic	hi@ionic.io	https://api.github.com/orgs/driftyco	https://avatars.githubusercontent.com/u/3171503?v=3	Powerful tools and services for building cross-platform mobile apps
26	Yahoo Inc.		https://api.github.com/orgs/yahoo	https://avatars.githubusercontent.com/u/16574?v=3	
27	Adobe Systems Incorporated		https://api.github.com/orgs/adobe	https://avatars.githubusercontent.com/u/476009?v=3	Open source from Adobe
28	Atom	atom@github.com	https://api.github.com/orgs/atom	https://avatars.githubusercontent.com/u/1089146?v=3	
29	Spring		https://api.github.com/orgs/spring-projects	https://avatars.githubusercontent.com/u/317776?v=3	
30	Meteor Development Group		https://api.github.com/orgs/meteor	https://avatars.githubusercontent.com/u/789528?v=3	
31	StrongLoop		https://api.github.com/orgs/strongloop	https://avatars.githubusercontent.com/u/3020012?v=3	An IBM Company
32	LearnBoost	null	https://api.github.com/orgs/LearnBoost	https://avatars.githubusercontent.com/u/204174?v=3	null
33	Etsy, Inc.	null	https://api.github.com/orgs/etsy	https://avatars.githubusercontent.com/u/193389?v=3	null
34	Netflix, Inc.	netflixoss@netflix.com	https://api.github.com/orgs/Netflix	https://avatars.githubusercontent.com/u/913567?v=3	Netflix Open Source Platform
35	grunt	null	https://api.github.com/orgs/gruntjs	https://avatars.githubusercontent.com/u/1630826?v=3	null
36	The Laravel PHP Framework	null	https://api.github.com/orgs/laravel	https://avatars.githubusercontent.com/u/958072?v=3	null
37	Filament Group	null	https://api.github.com/orgs/filamentgroup	https://avatars.githubusercontent.com/u/30614?v=3	null
38	Codrops	null	https://api.github.com/orgs/codrops	https://avatars.githubusercontent.com/u/310036?v=3	null
39	Plataformatec	opensource@plataformatec.com.br	https://api.github.com/orgs/plataformatec	https://avatars.githubusercontent.com/u/127679?v=3	We are a software consultancy specialised in Elixir and Ruby.  Creators of Elixir, Devise and Simple Form.
40	Moment.js		https://api.github.com/orgs/moment	https://avatars.githubusercontent.com/u/4129662?v=3	
41	mongodb		https://api.github.com/orgs/mongodb	https://avatars.githubusercontent.com/u/45120?v=3	
42		kf@gnor.net	https://api.github.com/orgs/nwjs	https://avatars.githubusercontent.com/u/10180421?v=3	
43	Shopify		https://api.github.com/orgs/Shopify	https://avatars.githubusercontent.com/u/8085?v=3	
44	AFNetworking	info@alamofire.org	https://api.github.com/orgs/AFNetworking	https://avatars.githubusercontent.com/u/1181541?v=3	A delightful iOS and OS X networking framework
45	Yeoman		https://api.github.com/orgs/yeoman	https://avatars.githubusercontent.com/u/1714870?v=3	The web's scaffolding tool for modern webapps
46	Lodash Utilities		https://api.github.com/orgs/lodash	https://avatars.githubusercontent.com/u/2565403?v=3	JavaScript utilities delivering consistency, modularity, performance, & extras.
47	PLD Linux Distribution (GitHub Mirror))		https://api.github.com/orgs/pld-linux	https://avatars.githubusercontent.com/u/599313?v=3	
48	Jekyll		https://api.github.com/orgs/jekyll	https://avatars.githubusercontent.com/u/3083652?v=3	Jekyll is a blog-aware, static site generator in Ruby.
49	INTRIDEA Inc.	hello@intridea.com	https://api.github.com/orgs/intridea	https://avatars.githubusercontent.com/u/3747?v=3	
50	Harvest		https://api.github.com/orgs/harvesthq	https://avatars.githubusercontent.com/u/43635?v=3	
51	Ember.js	null	https://api.github.com/orgs/emberjs	https://avatars.githubusercontent.com/u/1253363?v=3	null
52	Airbnb		https://api.github.com/orgs/airbnb	https://avatars.githubusercontent.com/u/698437?v=3	
53	Segment	friends@segment.com	https://api.github.com/orgs/segmentio	https://avatars.githubusercontent.com/u/819518?v=3	
54	GitLab		https://api.github.com/orgs/gitlabhq	https://avatars.githubusercontent.com/u/1086321?v=3	
55		null	https://api.github.com/orgs/CyanogenMod	https://avatars.githubusercontent.com/u/317721?v=3	null
56	Ajax.org B.V.		https://api.github.com/orgs/ajaxorg	https://avatars.githubusercontent.com/u/168515?v=3	
57	Django		https://api.github.com/orgs/django	https://avatars.githubusercontent.com/u/27804?v=3	
58	Mapbox		https://api.github.com/orgs/mapbox	https://avatars.githubusercontent.com/u/600935?v=3	
59			https://api.github.com/orgs/CocoaPods	https://avatars.githubusercontent.com/u/1189714?v=3	The Swift & Objective C Dependency Manager
60	Alibaba		https://api.github.com/orgs/alibaba	https://avatars.githubusercontent.com/u/1961952?v=3	
61	Clojure	null	https://api.github.com/orgs/clojure	https://avatars.githubusercontent.com/u/317875?v=3	null
62	GitHub resume generator	null	https://api.github.com/orgs/resume	https://avatars.githubusercontent.com/u/602612?v=3	null
63	Semantic Org	info@semantic-ui.com	https://api.github.com/orgs/Semantic-Org	https://avatars.githubusercontent.com/u/5796209?v=3	Semantic Organization
64	Modernizr		https://api.github.com/orgs/Modernizr	https://avatars.githubusercontent.com/u/131060?v=3	
65	Ghost		https://api.github.com/orgs/TryGhost	https://avatars.githubusercontent.com/u/2178663?v=3	Professional publishing
66	usablica	afshin.meh@gmail.com	https://api.github.com/orgs/usablica	https://avatars.githubusercontent.com/u/2010360?v=3	
67	Discourse	team@discourse.org	https://api.github.com/orgs/discourse	https://avatars.githubusercontent.com/u/3220138?v=3	The 100% open source discussion platform built for the next decade of the Internet. 
68	CoreOS	partners@coreos.com	https://api.github.com/orgs/coreos	https://avatars.githubusercontent.com/u/3730757?v=3	Open Source Projects for Linux Containers
69	Symfony	null	https://api.github.com/orgs/symfony	https://avatars.githubusercontent.com/u/143937?v=3	null
70	polymer	polymer-dev@googlegroups.com	https://api.github.com/orgs/Polymer	https://avatars.githubusercontent.com/u/2159051?v=3	
71	.NET Foundation	contact@dotnetfoundation.org	https://api.github.com/orgs/dotnet	https://avatars.githubusercontent.com/u/9141961?v=3	Home of the .NET Foundation
72	Go		https://api.github.com/orgs/golang	https://avatars.githubusercontent.com/u/4314092?v=3	
73	cocos2d		https://api.github.com/orgs/cocos2d	https://avatars.githubusercontent.com/u/234324?v=3	
74	Google Cloud Platform		https://api.github.com/orgs/GoogleCloudPlatform	https://avatars.githubusercontent.com/u/2810941?v=3	
75	Less		https://api.github.com/orgs/less	https://avatars.githubusercontent.com/u/3538330?v=3	
76	Select2		https://api.github.com/orgs/select2	https://avatars.githubusercontent.com/u/8077542?v=3	The jQuery replacement for select boxes
77	PhoneGap		https://api.github.com/orgs/phonegap	https://avatars.githubusercontent.com/u/60365?v=3	
78	LinkedIn	null	https://api.github.com/orgs/linkedin	https://avatars.githubusercontent.com/u/357098?v=3	null
79			https://api.github.com/orgs/textmate	https://avatars.githubusercontent.com/u/91310?v=3	
80	Chef Software, Inc.		https://api.github.com/orgs/chef	https://avatars.githubusercontent.com/u/29740?v=3	
81	Balderdash	friends@balderdash.co	https://api.github.com/orgs/balderdashy	https://avatars.githubusercontent.com/u/1445252?v=3	null
82	The Rust Programming Language		https://api.github.com/orgs/rust-lang	https://avatars.githubusercontent.com/u/5430905?v=3	
83	Microsoft	opensource@microsoft.com	https://api.github.com/orgs/Microsoft	https://avatars.githubusercontent.com/u/6154722?v=3	Open source, from Microsoft with love
84	Bower	team@bower.io	https://api.github.com/orgs/bower	https://avatars.githubusercontent.com/u/3709251?v=3	A package manager for the web
85	Heroku		https://api.github.com/orgs/heroku	https://avatars.githubusercontent.com/u/23211?v=3	
86	TasteJS	tastejavascript@gmail.com	https://api.github.com/orgs/tastejs	https://avatars.githubusercontent.com/u/1733746?v=3	A better JavaScript learning experience. Keeper of TodoMVC & PropertyCross. Eater of popsicles.
87	papers-we-love	contact@paperswelove.org	https://api.github.com/orgs/papers-we-love	https://avatars.githubusercontent.com/u/6187757?v=3	A repository for good papers to read.
88	Neovim		https://api.github.com/orgs/neovim	https://avatars.githubusercontent.com/u/6471485?v=3	vim out of the box
89	Dropbox		https://api.github.com/orgs/dropbox	https://avatars.githubusercontent.com/u/559357?v=3	
90	gulp	team@gulpjs.com	https://api.github.com/orgs/gulpjs	https://avatars.githubusercontent.com/u/6200624?v=3	Streaming build system
91	Jenkins		https://api.github.com/orgs/jenkinsci	https://avatars.githubusercontent.com/u/107424?v=3	
92	shadowsocks		https://api.github.com/orgs/shadowsocks	https://avatars.githubusercontent.com/u/3006190?v=3	A fast tunnel proxy that helps you bypass firewalls
93	Leaflet		https://api.github.com/orgs/Leaflet	https://avatars.githubusercontent.com/u/2854298?v=3	null
94	The League of Extraordinary Packages		https://api.github.com/orgs/thephpleague	https://avatars.githubusercontent.com/u/527621?v=3	A group of developers who have banded together to build solid, well tested PHP packages using modern coding standards.
95	Ansible		https://api.github.com/orgs/ansible	https://avatars.githubusercontent.com/u/1507452?v=3	
96	Puppet		https://api.github.com/orgs/puppetlabs	https://avatars.githubusercontent.com/u/234268?v=3	
97	Mono Project	mono@xamarin.com	https://api.github.com/orgs/mono	https://avatars.githubusercontent.com/u/53395?v=3	null
98	Sloth		https://api.github.com/orgs/visionmedia	https://avatars.githubusercontent.com/u/9285252?v=3	New user is /tj
99			https://api.github.com/orgs/interagent	https://avatars.githubusercontent.com/u/7388387?v=3	Tools and docs for building and using HTTP APIs
100	null	null	https://api.github.com/orgs/iojs	https://avatars.githubusercontent.com/u/12463801?v=3	null
101	GitBook	contact@gitbook.com	https://api.github.com/orgs/GitbookIO	https://avatars.githubusercontent.com/u/7111340?v=3	The simplest way to turn an idea into a book.
102	Basho Technologies	null	https://api.github.com/orgs/basho	https://avatars.githubusercontent.com/u/176293?v=3	null
103	Sencha Labs		https://api.github.com/orgs/senchalabs	https://avatars.githubusercontent.com/u/313839?v=3	
104	Amazon Web Services		https://api.github.com/orgs/aws	https://avatars.githubusercontent.com/u/2232217?v=3	
105			https://api.github.com/orgs/limetext	https://avatars.githubusercontent.com/u/5825890?v=3	
106	FT Labs		https://api.github.com/orgs/ftlabs	https://avatars.githubusercontent.com/u/1432696?v=3	Everything here is MIT licensed and unsupported unless otherwise stated. Use at your own risk.
107	Designmodo	null	https://api.github.com/orgs/designmodo	https://avatars.githubusercontent.com/u/3756424?v=3	null
108	HashiCorp	hello@hashicorp.com	https://api.github.com/orgs/hashicorp	https://avatars.githubusercontent.com/u/761456?v=3	
109	Hammer.js		https://api.github.com/orgs/hammerjs	https://avatars.githubusercontent.com/u/7997161?v=3	
110	a decoupled application framework	null	https://api.github.com/orgs/flatiron	https://avatars.githubusercontent.com/u/624259?v=3	null
111	Git	null	https://api.github.com/orgs/git	https://avatars.githubusercontent.com/u/18133?v=3	null
112	Basecamp	support@basecamp.com	https://api.github.com/orgs/basecamp	https://avatars.githubusercontent.com/u/13131?v=3	It's in Basecamp!
113	diaspora* social network	team@diasporafoundation.org	https://api.github.com/orgs/diaspora	https://avatars.githubusercontent.com/u/293207?v=3	
114	The New York Times		https://api.github.com/orgs/NYTimes	https://avatars.githubusercontent.com/u/221409?v=3	
115	Collective Idea	null	https://api.github.com/orgs/collectiveidea	https://avatars.githubusercontent.com/u/128?v=3	We build software to solve real problems.
116	OpenStack	null	https://api.github.com/orgs/openstack	https://avatars.githubusercontent.com/u/324574?v=3	null
117	Yii Software LLC		https://api.github.com/orgs/yiisoft	https://avatars.githubusercontent.com/u/993323?v=3	Yii Framework and official Extension repositories
118	null	null	https://api.github.com/orgs/libgit2	https://avatars.githubusercontent.com/u/394745?v=3	null
119	Stripe	support+github@stripe.com	https://api.github.com/orgs/stripe	https://avatars.githubusercontent.com/u/856813?v=3	
120	Cucumber	cukes@googlegroups.com	https://api.github.com/orgs/cucumber	https://avatars.githubusercontent.com/u/320565?v=3	Cucumber Open Source
121	Bitly		https://api.github.com/orgs/bitly	https://avatars.githubusercontent.com/u/251133?v=3	
122	Scrapy project	null	https://api.github.com/orgs/scrapy	https://avatars.githubusercontent.com/u/733635?v=3	null
123	Mocha.js		https://api.github.com/orgs/mochajs	https://avatars.githubusercontent.com/u/8770005?v=3	Mocha Test Framework for JavaScript
124	Sass	null	https://api.github.com/orgs/sass	https://avatars.githubusercontent.com/u/317889?v=3	null
125	Jasmine	jasmine-maintainers@googlegroups.com	https://api.github.com/orgs/jasmine	https://avatars.githubusercontent.com/u/4624349?v=3	null
126	B.C. Institute of Technology		https://api.github.com/orgs/bcit-ci	https://avatars.githubusercontent.com/u/8863432?v=3	CodeIgniter Project
127	Phusion B.V.	info@phusion.nl	https://api.github.com/orgs/phusion	https://avatars.githubusercontent.com/u/830588?v=3	
128	npm	npm@npmjs.com	https://api.github.com/orgs/npm	https://avatars.githubusercontent.com/u/6078720?v=3	
129	reddit		https://api.github.com/orgs/reddit	https://avatars.githubusercontent.com/u/14248?v=3	
130	Rails Examples and Tutorials	daniel@danielkehoe.com	https://api.github.com/orgs/RailsApps	https://avatars.githubusercontent.com/u/788200?v=3	null
131	Flipboard		https://api.github.com/orgs/Flipboard	https://avatars.githubusercontent.com/u/457049?v=3	
132	Adobe Fonts		https://api.github.com/orgs/adobe-fonts	https://avatars.githubusercontent.com/u/4028872?v=3	
133	Baidu EFE team	efe@baidu.com	https://api.github.com/orgs/ecomfe	https://avatars.githubusercontent.com/u/2268460?v=3	
134	Sentry		https://api.github.com/orgs/getsentry	https://avatars.githubusercontent.com/u/1396951?v=3	Real-time crash reporting for your web apps, mobile apps, and games.
135	Guard		https://api.github.com/orgs/guard	https://avatars.githubusercontent.com/u/351846?v=3	
136	Famo.us		https://api.github.com/orgs/Famous	https://avatars.githubusercontent.com/u/838470?v=3	
137	Valve Software		https://api.github.com/orgs/ValveSoftware	https://avatars.githubusercontent.com/u/3082775?v=3	
138	CreateJS		https://api.github.com/orgs/CreateJS	https://avatars.githubusercontent.com/u/1497318?v=3	A suite of open source libraries and tools for building rich interactive content on open web technologies.
139			https://api.github.com/orgs/tornadoweb	https://avatars.githubusercontent.com/u/7468980?v=3	
140	Adobe Web Platform		https://api.github.com/orgs/adobe-webplatform	https://avatars.githubusercontent.com/u/2976699?v=3	
141			https://api.github.com/orgs/ReactiveCocoa	https://avatars.githubusercontent.com/u/3422977?v=3	A framework for composing and transforming streams of values
142	Video.js		https://api.github.com/orgs/videojs	https://avatars.githubusercontent.com/u/3287189?v=3	Web Video Framework
143	Zend Framework		https://api.github.com/orgs/zendframework	https://avatars.githubusercontent.com/u/296074?v=3	
144	enormego	null	https://api.github.com/orgs/enormego	https://avatars.githubusercontent.com/u/44635?v=3	null
145	Metafizzy	yo@metafizzy.co	https://api.github.com/orgs/metafizzy	https://avatars.githubusercontent.com/u/573910?v=3	Delightful web UI
146	Play Framework		https://api.github.com/orgs/playframework	https://avatars.githubusercontent.com/u/319107?v=3	
147	Sinatra	null	https://api.github.com/orgs/sinatra	https://avatars.githubusercontent.com/u/8312?v=3	null
148	Adafruit Industries	null	https://api.github.com/orgs/adafruit	https://avatars.githubusercontent.com/u/181069?v=3	null
149	Transit App		https://api.github.com/orgs/TransitApp	https://avatars.githubusercontent.com/u/5727177?v=3	
150	marmelab	null	https://api.github.com/orgs/marmelab	https://avatars.githubusercontent.com/u/3116319?v=3	null
151	Spotify		https://api.github.com/orgs/spotify	https://avatars.githubusercontent.com/u/251374?v=3	
152	Resque	resque@librelist.com	https://api.github.com/orgs/resque	https://avatars.githubusercontent.com/u/3876747?v=3	null
153	Capistrano		https://api.github.com/orgs/capistrano	https://avatars.githubusercontent.com/u/58257?v=3	
154	null	null	https://api.github.com/orgs/jadejs	https://avatars.githubusercontent.com/u/16976119?v=3	null
155	Firebase		https://api.github.com/orgs/firebase	https://avatars.githubusercontent.com/u/1335026?v=3	
156	RethinkDB	null	https://api.github.com/orgs/rethinkdb	https://avatars.githubusercontent.com/u/1229647?v=3	null
157	Light Table	null	https://api.github.com/orgs/LightTable	https://avatars.githubusercontent.com/u/5877010?v=3	null
158	CakePHP	null	https://api.github.com/orgs/cakephp	https://avatars.githubusercontent.com/u/23666?v=3	null
159	Koa.js		https://api.github.com/orgs/koajs	https://avatars.githubusercontent.com/u/5055057?v=3	Next generation web framework for Node.js
160			https://api.github.com/orgs/aspnet	https://avatars.githubusercontent.com/u/6476660?v=3	
161			https://api.github.com/orgs/GoogleChrome	https://avatars.githubusercontent.com/u/1778935?v=3	
162	nodejitsu	null	https://api.github.com/orgs/nodejitsu	https://avatars.githubusercontent.com/u/297492?v=3	null
163	Breach	dev@breach.cc	https://api.github.com/orgs/breach	https://avatars.githubusercontent.com/u/5822954?v=3	
164	Browser State		https://api.github.com/orgs/browserstate	https://avatars.githubusercontent.com/u/3504318?v=3	Libraries for cross-browser HTML5 History API and State Management.
165	Swagger	apiteam@swagger.io	https://api.github.com/orgs/swagger-api	https://avatars.githubusercontent.com/u/7658037?v=3	
166	Baidu FEX team	fex-hr@baidu.com	https://api.github.com/orgs/fex-team	https://avatars.githubusercontent.com/u/6668906?v=3	
167	null	null	https://api.github.com/orgs/NUKnightLab	https://avatars.githubusercontent.com/u/1273909?v=3	null
168	The RestKit Project	null	https://api.github.com/orgs/RestKit	https://avatars.githubusercontent.com/u/903233?v=3	null
169	id Software	null	https://api.github.com/orgs/id-Software	https://avatars.githubusercontent.com/u/1395534?v=3	null
170	php.net		https://api.github.com/orgs/php	https://avatars.githubusercontent.com/u/25158?v=3	PHP is a popular general-purpose scripting language that is especially suited to web development
171	Marionette.js	marionettejs@gmail.com	https://api.github.com/orgs/marionettejs	https://avatars.githubusercontent.com/u/2273169?v=3	
172	Ruby Programming Language		https://api.github.com/orgs/ruby	https://avatars.githubusercontent.com/u/210414?v=3	
173	Doctrine	null	https://api.github.com/orgs/doctrine	https://avatars.githubusercontent.com/u/209254?v=3	null
174	Phacility		https://api.github.com/orgs/phacility	https://avatars.githubusercontent.com/u/4840775?v=3	
175	Roots		https://api.github.com/orgs/roots	https://avatars.githubusercontent.com/u/4986074?v=3	Modern WordPress Development
176	JetBrains		https://api.github.com/orgs/JetBrains	https://avatars.githubusercontent.com/u/878437?v=3	JetBrains open source projects.
177	libgdx	null	https://api.github.com/orgs/libgdx	https://avatars.githubusercontent.com/u/509841?v=3	null
178	The Guardian		https://api.github.com/orgs/guardian	https://avatars.githubusercontent.com/u/164318?v=3	The source code of the world's leading liberal voice
179			https://api.github.com/orgs/android	https://avatars.githubusercontent.com/u/30177?v=3	These aren't the droids you're looking for
180	Open Whisper Systems	moxie.github@whispersystems.org	https://api.github.com/orgs/WhisperSystems	https://avatars.githubusercontent.com/u/702459?v=3	
181	KNP Labs	hello@knplabs.com	https://api.github.com/orgs/KnpLabs	https://avatars.githubusercontent.com/u/202732?v=3	Happy Awesome Developers
182	StackForge		https://api.github.com/orgs/stackforge	https://avatars.githubusercontent.com/u/1441604?v=3	StackForge is the way that OpenStack related projects can consume and make use of the OpenStack project infrastructure.
183	The ZeroMQ project		https://api.github.com/orgs/zeromq	https://avatars.githubusercontent.com/u/109777?v=3	
184	Fullstack.io	hello@fullstack.io	https://api.github.com/orgs/fullstackio	https://avatars.githubusercontent.com/u/4064333?v=3	null
185	YUI Library	null	https://api.github.com/orgs/yui	https://avatars.githubusercontent.com/u/38181?v=3	null
186	Bitcoin		https://api.github.com/orgs/bitcoin	https://avatars.githubusercontent.com/u/528860?v=3	
187	The Syncthing Project	security@syncthing.net	https://api.github.com/orgs/syncthing	https://avatars.githubusercontent.com/u/7628018?v=3	
188	XING Developers		https://api.github.com/orgs/xing	https://avatars.githubusercontent.com/u/27901?v=3	
189	hapi.js		https://api.github.com/orgs/hapijs	https://avatars.githubusercontent.com/u/3774533?v=3	The hapi.js node framework
190	OpenResty	info@openresty.org	https://api.github.com/orgs/openresty	https://avatars.githubusercontent.com/u/7390180?v=3	A Fast and Scalable Web Platform by Extending NGINX with Lua
191	Mailgun Team	null	https://api.github.com/orgs/mailgun	https://avatars.githubusercontent.com/u/447686?v=3	null
192	Cloudera	null	https://api.github.com/orgs/cloudera	https://avatars.githubusercontent.com/u/87383?v=3	null
193	Composer		https://api.github.com/orgs/composer	https://avatars.githubusercontent.com/u/837015?v=3	
194	Keen IO	opensource@keen.io	https://api.github.com/orgs/keen	https://avatars.githubusercontent.com/u/8461781?v=3	Analytics for Developers. See also github.com/keenlabs.
195	Team Appcelerator		https://api.github.com/orgs/appcelerator	https://avatars.githubusercontent.com/u/82188?v=3	
196	Spree Commerce	null	https://api.github.com/orgs/spree	https://avatars.githubusercontent.com/u/56702?v=3	null
197	Khan Academy		https://api.github.com/orgs/Khan	https://avatars.githubusercontent.com/u/15455?v=3	Working to make a free, world-class education available for anyone, anywhere.
198	request		https://api.github.com/orgs/request	https://avatars.githubusercontent.com/u/730467?v=3	
199	null	null	https://api.github.com/orgs/FriendsOfPHP	https://avatars.githubusercontent.com/u/5947812?v=3	null
200	Alamofire	info@alamofire.org	https://api.github.com/orgs/Alamofire	https://avatars.githubusercontent.com/u/7774181?v=3	Elegant Networking in Swift
201	Eclipse Foundation	emo@eclipse.org	https://api.github.com/orgs/eclipse	https://avatars.githubusercontent.com/u/56974?v=3	null
202	The Julia Language	julia-dev@googlegroups.com	https://api.github.com/orgs/JuliaLang	https://avatars.githubusercontent.com/u/743164?v=3	A fresh approach to numerical computing
203			https://api.github.com/orgs/Compass	https://avatars.githubusercontent.com/u/455573?v=3	
204	null	null	https://api.github.com/orgs/NetEase	https://avatars.githubusercontent.com/u/1460597?v=3	null
205	Salt Stack	null	https://api.github.com/orgs/saltstack	https://avatars.githubusercontent.com/u/1147473?v=3	null
206	IPython		https://api.github.com/orgs/ipython	https://avatars.githubusercontent.com/u/230453?v=3	interactive computing in Python
207			https://api.github.com/orgs/node-inspector	https://avatars.githubusercontent.com/u/4449877?v=3	
208	PredictionIO	null	https://api.github.com/orgs/PredictionIO	https://avatars.githubusercontent.com/u/2992963?v=3	null
209	Magical Panda Software	the@magicalpanda.com	https://api.github.com/orgs/magicalpanda	https://avatars.githubusercontent.com/u/130841?v=3	null
210	Nomad CLI		https://api.github.com/orgs/nomad	https://avatars.githubusercontent.com/u/1833193?v=3	World-Class Command Line Utilities For iOS Development
211	Karma	karma-users@googlegroups.com	https://api.github.com/orgs/karma-runner	https://avatars.githubusercontent.com/u/3284117?v=3	The Spectacular Test Runner for JavaScript.
212	ownCloud		https://api.github.com/orgs/owncloud	https://avatars.githubusercontent.com/u/1645051?v=3	
213	rails-api		https://api.github.com/orgs/rails-api	https://avatars.githubusercontent.com/u/2820360?v=3	
214	Martini		https://api.github.com/orgs/go-martini	https://avatars.githubusercontent.com/u/7096097?v=3	
215	Linnovate		https://api.github.com/orgs/linnovate	https://avatars.githubusercontent.com/u/307487?v=3	
216	Caskroom		https://api.github.com/orgs/caskroom	https://avatars.githubusercontent.com/u/5647711?v=3	The Homebrew-cask Organization
217	null	verexpression@gmail.com	https://api.github.com/orgs/VerbalExpressions	https://avatars.githubusercontent.com/u/5083777?v=3	null
218	BBC News		https://api.github.com/orgs/BBC-News	https://avatars.githubusercontent.com/u/1401475?v=3	
219	PostCSS		https://api.github.com/orgs/postcss	https://avatars.githubusercontent.com/u/8296347?v=3	PostCSS and plugins based on it
220	Path Mobile Inc Pte. Ltd.		https://api.github.com/orgs/path	https://avatars.githubusercontent.com/u/177071?v=3	
221	foreverjs		https://api.github.com/orgs/foreverjs	https://avatars.githubusercontent.com/u/10152066?v=3	An elegant process monitor for anything written in Node.
222	Call-Em-All		https://api.github.com/orgs/callemall	https://avatars.githubusercontent.com/u/1262264?v=3	
223	FlightJS	opensource@twitter.com	https://api.github.com/orgs/flightjs	https://avatars.githubusercontent.com/u/4271779?v=3	
224	CodeMirror		https://api.github.com/orgs/codemirror	https://avatars.githubusercontent.com/u/8876537?v=3	The in-browser code editor
225	Active Admin		https://api.github.com/orgs/activeadmin	https://avatars.githubusercontent.com/u/814570?v=3	
226	Tumblr		https://api.github.com/orgs/tumblr	https://avatars.githubusercontent.com/u/366151?v=3	
227	DocumentCloud	opensource@documentcloud.org	https://api.github.com/orgs/documentcloud	https://avatars.githubusercontent.com/u/93383?v=3	
228	Knockout.js	null	https://api.github.com/orgs/knockout	https://avatars.githubusercontent.com/u/3863375?v=3	null
229	ReactiveX		https://api.github.com/orgs/ReactiveX	https://avatars.githubusercontent.com/u/6407041?v=3	Reactive Extensions for Async Programming
230	carlhuda	null	https://api.github.com/orgs/carlhuda	https://avatars.githubusercontent.com/u/76794?v=3	null
231	CarrierWave	null	https://api.github.com/orgs/carrierwaveuploader	https://avatars.githubusercontent.com/u/3982589?v=3	null
232	Travis CI	contact@travis-ci.com	https://api.github.com/orgs/travis-ci	https://avatars.githubusercontent.com/u/639823?v=3	null
233	Realm	help@realm.io	https://api.github.com/orgs/realm	https://avatars.githubusercontent.com/u/7575099?v=3	
234	The Javascript Architectural Toolkit	null	https://api.github.com/orgs/cujojs	https://avatars.githubusercontent.com/u/1211266?v=3	null
235	PHP FIG	info@php-fig.org	https://api.github.com/orgs/php-fig	https://avatars.githubusercontent.com/u/468401?v=3	
236	Venmo		https://api.github.com/orgs/venmo	https://avatars.githubusercontent.com/u/256998?v=3	
237	The Scala Programming Language		https://api.github.com/orgs/scala	https://avatars.githubusercontent.com/u/57059?v=3	
238	FriendsOfSymfony		https://api.github.com/orgs/FriendsOfSymfony	https://avatars.githubusercontent.com/u/529709?v=3	
239	Powerline		https://api.github.com/orgs/powerline	https://avatars.githubusercontent.com/u/10100576?v=3	Powerline is a statusline plugin for vim, and provides statuslines and prompts for several other applications.
240		null	https://api.github.com/orgs/shutterstock	https://avatars.githubusercontent.com/u/589896?v=3	null
241	JSHint	waldron.rick@gmail.com	https://api.github.com/orgs/jshint	https://avatars.githubusercontent.com/u/1335450?v=3	
242	Mutual Mobile		https://api.github.com/orgs/mutualmobile	https://avatars.githubusercontent.com/u/166419?v=3	We build breakthrough products in partnership with the world's leading companies.
243	Popcorn Time		https://api.github.com/orgs/popcorn-time	https://avatars.githubusercontent.com/u/6628942?v=3	
244	WooThemes		https://api.github.com/orgs/woothemes	https://avatars.githubusercontent.com/u/22389790?v=3	Visit http://github.com/woocommerce/ for our new profile.
245	PayPal		https://api.github.com/orgs/paypal	https://avatars.githubusercontent.com/u/476675?v=3	
246	Dropwizard	null	https://api.github.com/orgs/dropwizard	https://avatars.githubusercontent.com/u/5478557?v=3	null
247	Sparkle Motion	null	https://api.github.com/orgs/sparklemotion	https://avatars.githubusercontent.com/u/1851072?v=3	null
248	Pro Git Book	null	https://api.github.com/orgs/progit	https://avatars.githubusercontent.com/u/95588?v=3	null
249	MindMup	null	https://api.github.com/orgs/mindmup	https://avatars.githubusercontent.com/u/3287699?v=3	null
250	Kivy	kivy-users@googlegroups.com	https://api.github.com/orgs/kivy	https://avatars.githubusercontent.com/u/1266152?v=3	
251			https://api.github.com/orgs/Mantle	https://avatars.githubusercontent.com/u/7318467?v=3	Model framework for Cocoa and Cocoa Touch
252	Gogs		https://api.github.com/orgs/gogits	https://avatars.githubusercontent.com/u/6656686?v=3	Gogs (Go Git Service) is a painless self-hosted Git service.
253	RSpec		https://api.github.com/orgs/rspec	https://avatars.githubusercontent.com/u/22388?v=3	
254	Raspberry Pi		https://api.github.com/orgs/raspberrypi	https://avatars.githubusercontent.com/u/1294177?v=3	
255	Etherpad	contact@etherpad.org	https://api.github.com/orgs/ether	https://avatars.githubusercontent.com/u/181731?v=3	null
256	Python for Data	null	https://api.github.com/orgs/pydata	https://avatars.githubusercontent.com/u/1284191?v=3	null
257	mailpile	team@mailpile.is	https://api.github.com/orgs/mailpile	https://avatars.githubusercontent.com/u/5374816?v=3	A modern, fast web-mail client with user-friendly encryption and privacy features
258	SoundCloud		https://api.github.com/orgs/soundcloud	https://avatars.githubusercontent.com/u/21021?v=3	
259	Muut	null	https://api.github.com/orgs/muut	https://avatars.githubusercontent.com/u/7271004?v=3	null
260	null	null	https://api.github.com/orgs/gollum	https://avatars.githubusercontent.com/u/3840027?v=3	null
261	Boot2Docker	boot2docker@boot2docker.io	https://api.github.com/orgs/boot2docker	https://avatars.githubusercontent.com/u/6394678?v=3	Simplify Virtualized Docker usage
262	Fine Uploader	info@fineuploader.com	https://api.github.com/orgs/FineUploader	https://avatars.githubusercontent.com/u/8892709?v=3	The world's best full-featured & customizable JavaScript file upload library.
263	null	null	https://api.github.com/orgs/WordPress	https://avatars.githubusercontent.com/u/276006?v=3	null
264	ActiveRecord Hackery	null	https://api.github.com/orgs/activerecord-hackery	https://avatars.githubusercontent.com/u/5951504?v=3	null
265	ServiceStack		https://api.github.com/orgs/ServiceStack	https://avatars.githubusercontent.com/u/605728?v=3	
266	Pelican dev team	authors getpelican com	https://api.github.com/orgs/getpelican	https://avatars.githubusercontent.com/u/2043492?v=3	
267	Grouper	jobs@joingrouper.com	https://api.github.com/orgs/Grouper	https://avatars.githubusercontent.com/u/1449402?v=3	null
268	Summernote	summernoteis@gmail.com	https://api.github.com/orgs/summernote	https://avatars.githubusercontent.com/u/7778517?v=3	Summernote team
269	MessagePack	null	https://api.github.com/orgs/msgpack	https://avatars.githubusercontent.com/u/198264?v=3	null
270	Celluloid	null	https://api.github.com/orgs/celluloid	https://avatars.githubusercontent.com/u/1292091?v=3	null
271			https://api.github.com/orgs/docopt	https://avatars.githubusercontent.com/u/1820478?v=3	
272	drone.io		https://api.github.com/orgs/drone	https://avatars.githubusercontent.com/u/2181346?v=3	
273	North		https://api.github.com/orgs/north	https://avatars.githubusercontent.com/u/7361743?v=3	Design and Development Standards and Tools to Align and Guide Your Project
274	Bitovi	contact@bitovi.com	https://api.github.com/orgs/bitovi	https://avatars.githubusercontent.com/u/2782656?v=3	null
275	Yelp.com		https://api.github.com/orgs/Yelp	https://avatars.githubusercontent.com/u/49071?v=3	
276			https://api.github.com/orgs/jquery-ui-bootstrap	https://avatars.githubusercontent.com/u/6206206?v=3	
277	Xamarin		https://api.github.com/orgs/xamarin	https://avatars.githubusercontent.com/u/790012?v=3	
278	scikit-learn		https://api.github.com/orgs/scikit-learn	https://avatars.githubusercontent.com/u/365630?v=3	Repositories related to the scikit-learn Python machine learning library.
279	Guzzle		https://api.github.com/orgs/guzzle	https://avatars.githubusercontent.com/u/638632?v=3	
280	The Hybrid Group	null	https://api.github.com/orgs/hybridgroup	https://avatars.githubusercontent.com/u/212109?v=3	null
281		null	https://api.github.com/orgs/backbone-boilerplate	https://avatars.githubusercontent.com/u/1594351?v=3	Tools for enhancing your workflow with Backbone.
282	Tilde	null	https://api.github.com/orgs/tildeio	https://avatars.githubusercontent.com/u/1355851?v=3	null
283	mailcheck		https://api.github.com/orgs/mailcheck	https://avatars.githubusercontent.com/u/7298259?v=3	mailchecks for all platforms.
284	SignalR	null	https://api.github.com/orgs/SignalR	https://avatars.githubusercontent.com/u/931666?v=3	null
285	Celery	null	https://api.github.com/orgs/celery	https://avatars.githubusercontent.com/u/319983?v=3	null
286	CodePath	contact@codepath.com	https://api.github.com/orgs/codepath	https://avatars.githubusercontent.com/u/3710273?v=3	Mobile training, community and mentorship done right.
287	sbt		https://api.github.com/orgs/sbt	https://avatars.githubusercontent.com/u/1158012?v=3	Community organization for all sbt plugin authors, sbt modules and sbt itself.
288	Topcoat	null	https://api.github.com/orgs/topcoat	https://avatars.githubusercontent.com/u/2718604?v=3	null
289	null	null	https://api.github.com/orgs/morrisjs	https://avatars.githubusercontent.com/u/6538127?v=3	null
290	Ducksboard	null	https://api.github.com/orgs/ducksboard	https://avatars.githubusercontent.com/u/760920?v=3	null
291	We've changed our name to InfluxData!		https://api.github.com/orgs/InfluxDB	https://avatars.githubusercontent.com/u/16582257?v=3	
292	Twilio		https://api.github.com/orgs/twilio	https://avatars.githubusercontent.com/u/109142?v=3	
293	DerbyJS		https://api.github.com/orgs/derbyjs	https://avatars.githubusercontent.com/u/2942220?v=3	DerbyJS is an application framework making it easy to write realtime, collaborative applications that run in both Node.js and browsers
294	Elabs	hello@varvet.com	https://api.github.com/orgs/elabs	https://avatars.githubusercontent.com/u/34438?v=3	Now known as @varvet!
295	The kraken.js team	nodejs@paypal.com	https://api.github.com/orgs/krakenjs	https://avatars.githubusercontent.com/u/7001600?v=3	The kraken.js team at PayPal
296	Fabric		https://api.github.com/orgs/fabric	https://avatars.githubusercontent.com/u/400481?v=3	Pythonic SSH library & related projects
297			https://api.github.com/orgs/expressjs	https://avatars.githubusercontent.com/u/5658226?v=3	Express.js: the fast, unopinionated, minimalist web framework for node
298	the boto project	null	https://api.github.com/orgs/boto	https://avatars.githubusercontent.com/u/327752?v=3	null
